{
  "HandymanServices": {
    "title": "Handyman Services",
    "categories": [
      {
        "name": "Maintenance",
        "items": [
          { "name": "Electrician", "image": "Electricion" },
          { "name": "Carpenter", "image": "Carpenter" },
          { "name": "Plumber", "image": "Plumber" }
        ]
      },
      {
        "name": "Installation Services",
        "items": [
          { "name": "Furniture Assembly", "image": "Furniture" },
          { "name": "TV Installation", "image": "Tv" },
          { "name": "Hanger Installation", "image": "Hanger" }
        ]
      }
    ],
    "persons": {
      "Electrician": [
        {
          "name": "John Doe",
          "phone": "+1234567890",
          "image": "Profile",
          "description": "Expert in electrical wiring and home installations.",
          "charges": "$50",
          "schedule": "Available Mon-Fri",
          "workingHours": "9 AM - 6 PM",
          "chargeRate": "$25/hour"
        },
        {
          "name": "Emily Clark",
          "phone": "+9876543210",
          "image": "Profile",
          "description": "Certified electrician with 5 years of experience.",
          "charges": "$60",
          "schedule": "Available weekends",
          "workingHours": "10 AM - 4 PM",
          "chargeRate": "$30/hour"
        }
      ],
      "Carpenter": [
        {
          "name": "Mark Smith",
          "phone": "+1987654321",
          "image": "Profile",
          "description": "Specializes in woodwork and furniture assembly.",
          "charges": "$70",
          "schedule": "Mon-Sat",
          "workingHours": "8 AM - 5 PM",
          "chargeRate": "$35/hour"
        },
        {
          "name": "Laura Wilson",
          "phone": "+5678901234",
          "image": "Profile",
          "description": "Expert in wooden flooring and cabinets.",
          "charges": "$80",
          "schedule": "Weekdays only",
          "workingHours": "9 AM - 5 PM",
          "chargeRate": "$40/hour"
        }
      ],
      "Plumber": [
        {
          "name": "David Brown",
          "phone": "+1122334455",
          "image": "Profile",
          "description": "Fixes leaks, pipes, and all plumbing-related issues.",
          "charges": "$65",
          "schedule": "Mon-Sun",
          "workingHours": "7 AM - 3 PM",
          "chargeRate": "$32/hour"
        },
        {
          "name": "Michael Lee",
          "phone": "+1029384756",
          "image": "Profile",
          "description": "Specialist in drainage and water systems.",
          "charges": "$75",
          "schedule": "Weekdays",
          "workingHours": "8 AM - 6 PM",
          "chargeRate": "$38/hour"
        }
      ],
      "Furniture Assembly": [
        {
          "name": "James Wilson",
          "phone": "+1098765432",
          "image": "Profile",
          "description": "Assembles furniture quickly and efficiently.",
          "charges": "$55",
          "schedule": "Available all week",
          "workingHours": "9 AM - 5 PM",
          "chargeRate": "$27/hour"
        }
      ],
      "TV Installation": [
        {
          "name": "Robert Johnson",
          "phone": "+1010101010",
          "image": "Profile",
          "description": "Expert in mounting and setting up TVs of all sizes.",
          "charges": "$50",
          "schedule": "Weekends preferred",
          "workingHours": "10 AM - 6 PM",
          "chargeRate": "$28/hour"
        }
      ],
      "Hanger Installation": [
        {
          "name": "Michael Davis",
          "phone": "+1212121212",
          "image": "Profile",
          "description": "Specializes in installing hangers and wall decor.",
          "charges": "$40",
          "schedule": "Mon-Sat",
          "workingHours": "11 AM - 4 PM",
          "chargeRate": "$20/hour"
        }
      ]
    },
    "cities": ["Mumbai", "Pune", "Kholhapur", "Satara"]
  },

  "ApplianceRepair": {
    "title": "Appliance Repair",
    "categories": [
      {
        "name": "Kitchen and Appliance",
        "items": [
          { "name": "Microwave Repair", "image": "Microwave" },
          { "name": "Refrigerator Repair", "image": "Refrigerator" },
          { "name": "Gas Stove Repair", "image": "Gas" }
        ]
      },
      {
        "name": "AC & Appliance Repair",
        "items": [
          { "name": "AC Repair", "image": "AC" },
          { "name": "Geyser Repair", "image": "Geyser" }
        ]
      }
    ],
    "persons": {
      "Microwave Repair": [
        {
          "name": "Tom Anderson",
          "phone": "+1112223333",
          "image": "Profile",
          "description": "Expert in fixing all microwave brands.",
          "charges": "$45",
          "schedule": "Weekdays only",
          "workingHours": "8 AM - 5 PM",
          "chargeRate": "$22/hour"
        }
      ],
      "Refrigerator Repair": [
        {
          "name": "Sarah White",
          "phone": "+4445556666",
          "image": "Profile",
          "description": "Specialist in fridge cooling systems.",
          "charges": "$80",
          "schedule": "Flexible",
          "workingHours": "9 AM - 7 PM",
          "chargeRate": "$40/hour"
        }
      ],
      "Gas Stove Repair": [
        {
          "name": "Daniel Green",
          "phone": "+7778889999",
          "image": "Profile",
          "description": "Experienced in fixing gas stove burners and leaks.",
          "charges": "$60",
          "schedule": "Mon-Fri",
          "workingHours": "10 AM - 5 PM",
          "chargeRate": "$30/hour"
        }
      ],
      "AC Repair": [
        {
          "name": "William Brown",
          "phone": "+1011121314",
          "image": "Profile",
          "description": "Expert in AC servicing and repair.",
          "charges": "$90",
          "schedule": "Mon-Sun",
          "workingHours": "7 AM - 6 PM",
          "chargeRate": "$45/hour"
        }
      ],
      "Geyser Repair": [
        {
          "name": "Sophia Miller",
          "phone": "+1516171819",
          "image": "Profile",
          "description": "Specializes in fixing electric and gas geysers.",
          "charges": "$70",
          "schedule": "Weekends only",
          "workingHours": "9 AM - 4 PM",
          "chargeRate": "$35/hour"
        }
      ]
    },
    "cities": ["Mumbai", "Pune", "Kholhapur"]
  }
}
